name,capacity
0^2ÌU,0.000000
0^2ÌU,0.000000
